Domain,Subdomain,Resource Name,Resource Link/Contact,Text in App
Academics/Work/Career Development,Setting and Achieving Goals,stickK,https://www.stickk.com/,"By asking users to sign Commitment Contracts, stickK helps users define their goal (whatever it may be), acknowledge what it’ll take to accomplish it, and leverage the power of putting money on the line to turn that goal into a reality."
Academics/Work/Career Development,Setting and Achieving Goals,A How-to Guide for Setting Better Goals,https://advanced-hindsight.com/blog/a-how-to-guide-for-setting-better-goals/,Setting your own goals can be done in just four simple steps. 
Academics/Work/Career Development,Career Development ,Virginia Workforce Connection,https://vawc.virginia.gov/vosnet/Default.aspx,Your gateway to employment and labor market information in Virginia.
Academics/Work/Career Development,Career Development ,Application and Interview Tips,https://www.youtube.com/watch?v=sLffu1MWzqU,"Review best practices and learn to avoid common missteps."
Academics/Work/Career Development,Career Development ,Virginia Career Works,https://virginiacareerworks.com/,Virginia Career Works is Virginia’s vital link between meaningful employment and growing businesses. Learn more about what they provide.
Academics/Work/Career Development,Workplace Issues and Conflict Management,How to Handle Conflict in the Workplace,https://blink.ucsd.edu/HR/supervising/conflict/handle.html#8.-Build-on-your-success.,Learn about some practical strategies you can use to handle conflict in the workplace.
Academics/Work/Career Development,Workplace Issues and Conflict Management,How to Interact With Difficult People,https://blink.ucsd.edu/HR/supervising/conflict/interact.html,"Learn practical strategies you can use to develop better working relationships with difficult people."
Academics/Work/Career Development,Workplace Issues and Conflict Management,How to Handle Conflict at Work,https://www.npr.org/2022/04/07/1091455113/how-to-handle-conflict-at-work,You don't have to figure out workplace conflict alone; a team of conflict-resolution experts have assembled tips to help you face workplace conflict head-on.
Academics/Work/Career Development,Workplace Issues and Conflict Management,Contact Your HR Department,,Don't hesitate to reach out to your Human Resources department when faced with workplace conflict; you are not alone. 
Family & Home Life,Families,Healthy Families of Charlottesville/Albemarle,https://readykidscville.org/family-support/healthy-families/,Healthy Families fosters nurturing family relationships for pregnant moms and safe environments for young children through regular home visiting.
Family & Home Life,Families,REAL Dads,https://readykidscville.org/family-support/real-dads/,"REAL Dads coaches incarcerated fathers and fathers who want a stronger relationship with their children to have Responsible, Empowered, Available and Loving relationships with their families."
Family & Home Life,Families,Region Ten Child and Family Services,https://regionten.org/service-type/children-family/,"The Child and Family Services center provides prevention, substance use and mental health services to the children and families in our community. The goals of these services are to help families build resiliency and keep children/youth safely in their homes and communities when possible."
Family & Home Life,Families,Virginia Association of Community Service Boards - CSB Directory,https://vacsb.org/csb-bha-directory/,Use this Community Service Board directory to find locally-provided mental health services in your area. 
Family & Home Life,Families,Virginia Department of Social Services,https://www.dss.virginia.gov/,"VDSS is one of the largest Commonwealth agencies, partnering with 120 local departments of social services, along with faith-based and non-profit organizations, to promote the well-being of children and families statewide."
Family & Home Life,Families,"Child Youth, and Family Services Offices in Virginia",https://www.countyoffice.org/va-child-family-youth-services/,"Search here to find Virginia's child, youth, and family services offices."
Family & Home Life,Security,FEAP Clothing Resources ,https://uvafeap.com/counseling-services/community-resources-support/clothing-resources,"FEAP offers resources for general clothing, maternity and baby clothing, and laundry services. "
Family & Home Life,Security,FEAP Housing and Utlility Resources ,https://uvafeap.com/counseling-services/community-resources-support/housing-and-utility-resources,"FEAP offers resources for renting, affordable housing, and utilities. "
Family & Home Life,Security,FEAP Food Resources,https://uvafeap.com/counseling-services/community-resources-support/food-resources,"FEAP offers resources for food banks and public meal programs, delivered food resources, and state food assistance. "
Family & Home Life,Security,UMA Social Worker,,Contact a social worker through UMA to help with security needs.
Family & Home Life,Security,myPlan App,https://www.myplanapp.org/,"A free app to help with safety decisions if you, or someone  you care about, is experiencing abuse in their intimate relationship.  It’s private, secure, personalized, & backed by research."
Family & Home Life,Security,Food Stamp Offices in Virginia,https://www.countyoffice.org/food-stamp-office/,Search here to find Virginia's food stamp offices.
Family & Home Life,Other,Piedmont Hospice,https://hopva.org/,Hospice of the Piedmont is a community-based nonprofit hospice that has offered expert care and peaceful resolution to Virginia families for over 40 years.
Family & Home Life,Other,Grieving: TIPS for living in a time of loss,https://womenscenter.virginia.edu/2021/03/grieving-tips-living-time-loss,Advice for people struggling with the loss of a loved one.
Finances,Managing Your Money,Financial Wellness: Shifting from How Much You Have to How You Use It,https://www.eudaimonicbydesign.com/resilience/financial,Learn about what financial wellness means and how to achieve it in your own life 
Finances,Managing Your Money,Tools from UVA Community Credit Union,https://www.uvacreditunion.org/content/Education-And-Tools,"Interested in learning about managing your money, investing, or even buying a house? Attend a free, one-hour seminar through UVA Community Credit Union "
Finances,Meeting Financial Needs,Financial Resources,https://uvafeap.com/counseling-services/community-resources-support/financial-resources,This comprehensive list cultivated by the UVA Faculty and Employee Assistance Program (FEAP) can help you meet your financial needs. 
Finances,"Food, Housing, etc.",FEAP Food Resources,https://uvafeap.com/counseling-services/community-resources-support/food-resources,"Food assistance, delivered food resources."
Finances,"Food, Housing, etc.",FEAP Housing and Utilities Resources,https://uvafeap.com/counseling-services/community-resources-support/housing-and-utility-resources,Resources available in the Charlottesville and Albemarle County area.
Finances,"Food, Housing, etc.",FEAP Transportation Resources,https://uvafeap.com/counseling-services/community-resources-support/transportation-resources,Bus and other transportation services.
Finances,"Food, Housing, etc.",FEAP Clothing Resources,https://uvafeap.com/counseling-services/community-resources-support/clothing-resources,Looking for discounted or affordable clothing? Check out this list of local clothing resources. 
Finances,"Food, Housing, etc.",UMA Social Worker,,Contact a social worker through UMA to help with food and housing needs.
Finances,"Food, Housing, etc.",Food Stamp Offices in Virginia,https://www.countyoffice.org/food-stamp-office/,Search here to find Virginia's food stamp offices.
Finances,"Food, Housing, etc.",211,https://www.211.org/,"Call 211 for essential community services; 211 connects you to expert, caring help. Every call is completely confidential."
Mental Health,Mindfulness and Meditation,Mindfulness Information Videos,https://med.virginia.edu/mindfulness-center/about/intro-to-mindfulness/,Learn more about mindfulness from two of UVA’s Mindfulness Center Instructors.
Mental Health,Mindfulness and Meditation,Mindfulness Recommended Reading,https://med.virginia.edu/mindfulness-center/continue-your-practice/recommended-reading/,"Readings, videos, and transcripts with information on mindfulness and how to incorporate it into your lifestyle."
Mental Health,Mindfulness and Meditation,UCSD Mindfulness & Compassion Resources,https://cih.ucsd.edu/mindfulness/mindfulness-compassion-resources,"The UC San Diego Center for Mindfulness resource page offers the various resources, in the form of information and links, in their continued efforts to provide individual and community support. "
Mental Health,Mindfulness and Meditation,Compassionate Care Initiative,https://cci.nursing.virginia.edu/activities/calendar/,"The UVA School of Nursing’s Compassionate Care Initiative (CCI) offers ongoing, weekly sessions on mindfulness meditation, mindful movement, yoga, and more. All drop-in sessions are free; no registration or previous experience required!"
Mental Health,Mindfulness and Meditation,UVA Mindfulness Center,https://med.virginia.edu/mindfulness-center/programs/,"Check out the Mindfulness Center for meditation and other stress-reduction online classes, events, recordings, and resources. "
Mental Health,Mindfulness and Meditation,UVA Contemplative Sciences Center,https://csc.virginia.edu/feature/contemplative-classes-yoga-mindfulness-and-more,Check out the CSC for various yoga and mindfulness courses. 
Mental Health,Stress Management and Self-Care,FEAP Resources in Support of Social Justice ,https://uvafeap.com/services/virtual-resources-library/resources-support-social-justice,"Check out these virtual resources regarding education, action, reflection, and self-care to help acknowledge the pain of injustices suffered, offer support to those hurting or distressed, and offfer resources for those who want to learn and respond to foster social justice. "
Mental Health,Stress Management and Self-Care,FEAP Positive Psychology,https://uvafeap.com/counseling-services/positive-psychology,A FEAP counseling with a Positive Psychology Practitioner can provide you with information on the field of Positive Psychology and how you can learn to thrive more in your life.
Mental Health,Stress Management and Self-Care,How to Stress More Effectively,https://uvafeap.com/sites/feap/files/PDFs/Tip%20of%20the%20Month/FEAP%20Tip%20of%20the%20Month_April%2020_2021.pdf,Learn about how you can think about stress more positively
Mental Health,Stress Management and Self-Care,Cultivating Optimism,https://uvafeap.com/sites/feap/files/PDFs/Tip%20of%20the%20Month/FEAP%20Tip%20of%20the%20Month_March%2016_2021_final.pdf,Optimism is good for you -- and for those around you. Learn how to cultivate it!
Mental Health,Stress Management and Self-Care,FEAP Virtual Resources for Stress Management ,https://uvafeap.com/services/virtual-resources-library/virtual-resources-support-stress-management,Check out these resources to help support your mental and emotional wellness.
Mental Health,Treatment Options and Additional Resources,Women's Initiative,https://thewomensinitiative.org/sister-circle/,"Through the Women's Initiative, the Sister Circle program aims to address the needs of Black women living in Charlottesville."
Mental Health,Treatment Options and Additional Resources,Virginia Association of Community Service Boards - CSB Directory,https://vacsb.org/csb-bha-directory/,Use this Community Service Board directory to find locally-provided mental health services in your area. 
Mental Health,Treatment Options and Additional Resources,UMA Primary Care Physician,,Talk to your primary care physician about ways to work through mental health concerns. You are not alone
Mental Health,Treatment Options and Additional Resources,988,https://988lifeline.org/,"The 988 Lifeline provides 24/7, free and confidential support for people in distress, prevention and crisis resources for you or your loved ones, and best practices for professionals in the United States."
Mental Health,Treatment Options and Additional Resources,Partner for Mental Health,https://partnerformentalhealth.org/,"Looking for mental illness support, referrals, or educational opportunities? Check out this resource that stands up for the rights and dignity of those with mental illness as they engage in treatment or in the justice system, while supporting creative solutions to interpersonal and legal challenges caused by mental illness. "
Mental Health,Treatment Options and Additional Resources,The Counseling Alliance of Virginia (CAVA),https://www.cavahelps.com/,"Check out CAVA for counseling needs regarding the impact of mental illness, substance abuse, trauma, and/or other life stressors. CAVA offers a variety of clinical specialists who practice several different approaches to treatment. "
Mental Health,Treatment Options and Additional Resources,Region Ten,https://regionten.org/services/,"Looking for mental health support? Region Ten offers several services for mental health, including case management, intellectual disability, substance use, rehabilitation, and counseling. "
Mental Health,Treatment Options and Additional Resources,Central Virginia Clinicans of Color Network (CVCCN),https://cvccn.org/,CVCCN is a supportive network that empowers clinicians of color and builds capacity for providing culturally responsive mental health treatment.
Mental Health,Treatment Options and Additional Resources,The Women's Initiative   ,https://thewomensinitiative.org,"Provides culturally based trauma supportive services and culturally responsive counseling services, support groups, social support options, outreach and education. Includes FREE WALK-IN CLINICS: Free walk-in wellness sessions for immediate, short-term assistance including eligibility screenings, self- care assessments, information and referral services, education and emotional support.	"
Mental Health,Treatment Options and Additional Resources,100 Black Men,https://www.100bmocv.org,Working to improve the quality of life within the community and advocate eliminating the achievement gap of African American (AA) male students through mentoring by the members.
Mental Health,Treatment Options and Additional Resources,Boris Lawrence Henson Foundation,https://www.borislhensonfoundation.org,Free virtual support for Blacks/African-Americans
Mental Health,Treatment Options and Additional Resources,Counseling Alliance of VA,https://www.cavahelps.com/,Culturally based trauma supportive services and culturally responsive counseling services
Mental Health,Treatment Options and Additional Resources,Creciendo Juntos,https://www.cj-network.org/,Resources and supportive services for Latinx individuals and families
Mental Health,Treatment Options and Additional Resources,National Alliance for Hispanic Health,https://www.healthyamericas.org,Culturally based trauma supportive services and culturally responsive counseling services
Mental Health,Treatment Options and Additional Resources,National Coalition of Black Women-Charlottesville Metropolitan area,http://www.100bwcville.org,Advocating on behalf of Black women and girls to promote leadership development and gender equity
Mental Health,Treatment Options and Additional Resources,Therapy for Black Girls,	https://therapyforblackgirls.com/podcast/,	Podcast centered around mental wellness for Black women
Mental Health,Treatment Options and Additional Resources,VDH Division of Multicultural Health and Community Engagement,https://www.vdh.virginia.gov/health-equity/division-of-multicultural-health-and-community-engagement/,Programs and partnerships to empower racial and ethnic minority communities to promote awareness of health inequities.	
Mental Health,Treatment Options and Additional Resources,Equality VA,https://equalityvirginia.org,"Leading statewide non-partisan advocacy, outreach, and educational organizations seeking equality for LGBTQ Virginians.	"
Mental Health,Treatment Options and Additional Resources,PFLAG Blue Ridge: Charlottesville Anti-Violence Project,https://pflagblueridge.org/charlottesville.html,"Provides information, peer support, education, and advocacy for LGBTQ+ persons, their families, and their friends. Visit their website for contact information, as well as meeting schedules.        "
Mental Health,Treatment Options and Additional Resources,Planned Parenthood,https://plannedparenthood.org,"Provides family planning, sexual health and sexually transmitted infection services. Offering the morning after pill, abortion services, educational and outreach services in the community. Offers education, resources, services, and referrals for any client identifying as LGBT+. Visit their website to make an appointment.        "
Mental Health,Treatment Options and Additional Resources,Side by Side,https://www.sidebysideva.org/,Weekly curriculum based support groups for LGBTQ youth ages 14-20. Information and referrals for youth and families; training opportunities available for professionals and community agencies.        
Mental Health,Treatment Options and Additional Resources,The Women's Initiative   ,https://thewomensinitiative.org,"Provides culturally based trauma supportive services and culturally responsive counseling services, support groups, social support options, outreach and education. Includes FREE WALK-IN CLINICS: Free walk-in wellness sessions for immediate, short-term assistance including eligibility screenings, self- care assessments, information and referral services, education and emotional support.	"
Mental Health,Treatment Options and Additional Resources,Trans Lifeline,https://translifeline.org,A non-profit hotline staffed by transgender volunteers for people who are experiencing difficulty or crisis.	
Mental Health,Treatment Options and Additional Resources,Transgender Health Alliance of Central Virginia,https://www.thacva.org,"Provides quality, aiffirming healthcare resources, referral options, and information for all members of the transgender community.        "
Mental Health,Treatment Options and Additional Resources,VA Anti-Violence Project,https://virginiaavp.org,"Provides advocacy and support services for LGBTQ+-identified survivors of violence, including individual and group support, individual and systems advocacy, and accompaniment; relationship classes, and trainings to professionals/community organizations on LGBTQ+ issues and challenges.	"
Mental Health,Treatment Options and Additional Resources,UVA Teen & Young Adult Health Center,https://uvahealth.com/services/lgbtq,"Comprehensive healthcare services to teens and young adults up to age 26, including transgender health services, mental health assessment, eating disorder assessment and treatment and mental health assessments. Most insurance accepted and financial assistance is available.	"
Physical Health,Substance Use,Quit Now Virginia - Tobacco Free Living,https://www.vdh.virginia.gov/tobacco-free-living/quit-now-virginia/,"Since 2005, Quit Now Virginia has been a leading tool for helping tobacco and nicotine users quit their addiction. Thousands of people have contacted 1.800.Quit Now!"
Physical Health,Substance Use,Drink Less - Better Help,https://www.nhs.uk/better-health/drink-less/,"Any reduction in the amount you drink every week will be beneficial – and with the right help, it's easier than you think."
Physical Health,Substance Use,Quit Smoking - Better Help,https://www.nhs.uk/better-health/quit-smoking/,"Even if you’ve tried before, maybe more than once, you can still succeed. What you’ve already learned will help you reach your goal of becoming an ex-smoker. Check out advice, tools and tips here."
Physical Health,Substance Use,UMA Primary Care Physician,,Talk to your primary care physician about ways to work through substance use and addiction.
Physical Health,Substance Use,SAMHSA National Helpline,https://www.samhsa.gov/find-help/national-helpline,"The Substance Abuse and Mental Health Services Administration's National Helpline is a free, confidential, 24/7, 365-day-a-year treatment referral and information service (in English and Spanish) for individuals and families facing mental and/or substance use disorders."
Physical Health,Physical Health and Exercise,VDH Physical Activity Recommendations,https://www.vdh.virginia.gov/healthy-communities/physical-activity/,Visit the Virginia Department of Health Physical Activity site for physical activity information and recommendations.
Physical Health,Physical Health and Exercise,How to Be More Active,https://www.nhs.uk/better-health/get-active/how-to-be-more-active/,"Here are some simple ideas to build more activity into your day, tips to stick with it and free exercise plans to help you get going."
Physical Health,Physical Health and Exercise,Getting Active,https://www.heart.org/en/healthy-living/fitness/getting-active,"The American Heart Association has the tools and resources to get you on the right path to a healthier lifestyle."
Physical Health,Physical Health and Exercise,What Doctors Wish Patients Knew About Increasing Physical Activity,https://www.ama-assn.org/delivering-care/public-health/what-doctors-wish-patients-knew-about-increasing-physical-activity,"This installment of the AMA’s ""What Doctors WIsh Patient's Knew"" discusses what patients need to know about physical activity."
Physical Health,Physical Health and Exercise,Physical Activity Basics,https://www.cdc.gov/physicalactivity/basics/index.htm,"Regular physical activity is one of the most important things you can do for your health. Learn more about it here."
Physical Health,Physical Health and Exercise,FEAP Aging Resources,https://uvafeap.com/counseling-services/community-resources-support/aging-resources,Resources for aging needs including temporary in-home care.
Physical Health,Physical Health and Exercise,5 Easy Ways to Get More Active,https://www.sbm.org/healthy-living/5-easy-ways-to-get-more-active?gad=1&gclid=EAIaIQobChMI-4nLx9P_gAMVELXICh27dQ44EAAYAyAAEgIV8fD_BwE,"This site outlines 5 easy ways to start and sustain a more active lifestyle that have been tested in countless research studies."
Physical Health,Relationship With Food,Virginia Family Nutrition Program,"https://eatsmartmovemoreva.org/nourish/#:~:text=The%20Virginia%20Family%20Nutrition%20Program,for%20optimal%20health%20and%20growth.",The Virginia Family Nutrition Program (FNP) empowers Virginians to take charge of their health by eating healthy and living an active lifestyle. We teach limited resource households how to make healthier food choices and become better managers of available food resources for optimal health and growth.
Physical Health,Relationship With Food,Healthy Eating for a Healthy Weight,https://www.cdc.gov/healthyweight/healthy_eating/index.html,An eating plan that helps promote health and manage your weight includes a variety of healthy foods. Learn more about creating the ideal eating plan for you. 
Physical Health,Relationship With Food,Nutrition Counseling:,https://uvahealth.com/services/nutrition/classes,Meet with a Registered Dietitian for individualized guidance on how to nourish yourself.
Physical Health,Reproductive Health,Planned Parenthood,https://www.plannedparenthood.org/,"Check out Planned Parenthood for both informational resources on STDs, pregnancy, birth control options, and more, or to schedule an in-person or telehealth appointment with a medical professional. "
Physical Health,Reproductive Health,Planned Parenthood: Pregnancy Information,https://www.plannedparenthood.org/learn/pregnancy,"Check out this resource on prenatal care, fertility treatments, pregnancy options, postpartum depression, and more! "
Physical Health,Reproductive Health,VDH Family Planning Resources,https://www.vdh.virginia.gov/family-planning/,Visit the Virginia Department of Health Family Planning site for information and services related to reproductive health.
Physical Health,Reproductive Health,UMA Primary Care Physician,,Don't hesitate to talk to your primary care physician about your reproductive health.
Physical Health,Reproductive Health,Thrive Central Virginia,https://thrivecentralva.org/,"Check out this center for both its 24/7 helpline and both walk-in or scheduled appointments regarding pregnancy testing, confidential options counseling, abortion information, ultrasounds, pregnancy support, post-abortion care and support, and more!  "
Romantic Relationships,Addressing Harm in Relationships ,Sexual Assault Resource Agency,https://saracville.org,"The Sexual Assault Resource Agency (SARA) provides free, confidential support services for survivors of all genders.   "
Romantic Relationships,Addressing Harm in Relationships ,myPlan App,https://www.myplanapp.org/,"A free app to help with safety decisions if you, or someone  you care about, is experiencing abuse in their intimate relationship.  It’s private, secure, personalized, & backed by research."
Romantic Relationships,Addressing Harm in Relationships ,The National Domestic Violence Hotline,https://www.thehotline.org/,"Everyone deserves healthy relationships. When you're ready, we're here to listen. "
Romantic Relationships,Addressing Harm in Relationships ,988,https://988lifeline.org/,"The 988 Lifeline provides 24/7, free and confidential support for people in distress, prevention and crisis resources for you or your loved ones, and best practices for professionals in the United States."
Romantic Relationships,Addressing Harm in Relationships ,Shelter for Help in Emergency (SHE),https://www.shelterforhelpinemergency.org,The Shelter for Help in Emergency (SHE) offers trauma-based resources for survivors of domestic violence and aims at creating a community of empowerment and support. 
Romantic Relationships,Addressing Harm in Relationships ,myPlan App,https://www.myplanapp.org/,"A free app to help with safety decisions if you, or someone  you care about, is experiencing abuse in their intimate relationship.  It’s private, secure, personalized, & backed by research."
Romantic Relationships,Resources for Couples ,National Healthy Marriage Resource Center ,http://www.healthymarriageinfo.org,The Natioanl Healthy Marriage Resource Center offers a variety of resources to help married couples develop a healthier relationship. 
Romantic Relationships,Resources for Couples ,The Gottman Institute,https://www.gottman.com/about/,"The Gottman Institute is focused on improving the well-being of marriages, families, and relationships through a research-based approach. "
Social Situations,Shared Interests or Identities,Events in Virginia,https://www.virginia.org/events/,Virginia is home to countless events and festivals no matter what the season. Mark your calendar and make this a year to remember.
Social Situations,Shared Interests or Identities,The Women's Initiative   ,https://thewomensinitiative.org,"Provides culturally based trauma supportive services and culturally responsive counseling services, support groups, social support options, outreach and education. Includes FREE WALK-IN CLINICS: Free walk-in wellness sessions for immediate, short-term assistance including eligibility screenings, self- care assessments, information and referral services, education and emotional support.	"
Social Situations,Shared Interests or Identities,100 Black Men,https://www.100bmocv.org,Working to improve the quality of life within the community and advocate eliminating the achievement gap of African American (AA) male students through mentoring by the members.
Social Situations,Shared Interests or Identities,Boris Lawrence Henson Foundation,https://www.borislhensonfoundation.org,Free virtual support for Blacks/African-Americans
Social Situations,Shared Interests or Identities,Creciendo Juntos,https://www.cj-network.org/,Resources and supportive services for Latinx individuals and families
Social Situations,Shared Interests or Identities,National Coalition of Black Women-Charlottesville Metropolitan area,http://www.100bwcville.org,Advocating on behalf of Black women and girls to promote leadership development and gender equity
Social Situations,Shared Interests or Identities,Therapy for Black Girls,	https://therapyforblackgirls.com/podcast/,	Podcast centered around mental wellness for Black women
Social Situations,Shared Interests or Identities,VDH Division of Multicultural Health and Community Engagement,https://www.vdh.virginia.gov/health-equity/division-of-multicultural-health-and-community-engagement/,Programs and partnerships to empower racial and ethnic minority communities to promote awareness of health inequities.	
Social Situations,Shared Interests or Identities,Equality VA,https://equalityvirginia.org,"Leading statewide non-partisan advocacy, outreach, and educational organizations seeking equality for LGBTQ Virginians.	"
Social Situations,Shared Interests or Identities,PFLAG Blue Ridge: Charlottesville Anti-Violence Project,https://pflagblueridge.org/charlottesville.html,"Provides information, peer support, education, and advocacy for LGBTQ+ persons, their families, and their friends. Visit their website for contact information, as well as meeting schedules.        "
Social Situations,Shared Interests or Identities,Side by Side,https://www.sidebysideva.org/,Weekly curriculum based support groups for LGBTQ youth ages 14-20. Information and referrals for youth and families; training opportunities available for professionals and community agencies.        
Social Situations,Shared Interests or Identities,The Women's Initiative   ,https://thewomensinitiative.org,"Provides culturally based trauma supportive services and culturally responsive counseling services, support groups, social support options, outreach and education. Includes FREE WALK-IN CLINICS: Free walk-in wellness sessions for immediate, short-term assistance including eligibility screenings, self- care assessments, information and referral services, education and emotional support.	"
Social Situations,Shared Interests or Identities,VA Anti-Violence Project,https://virginiaavp.org,"Provides advocacy and support services for LGBTQ+-identified survivors of violence, including individual and group support, individual and systems advocacy, and accompaniment; relationship classes, and trainings to professionals/community organizations on LGBTQ+ issues and challenges.	"
Social Situations,Shared Interests or Identities,UVA Teen & Young Adult Health Center,https://uvahealth.com/services/lgbtq,"Comprehensive healthcare services to teens and young adults up to age 26, including transgender health services, mental health assessment, eating disorder assessment and treatment and mental health assessments. Most insurance accepted and financial assistance is available.	"
Social Situations,Events and Volunteering,Events in Virginia,https://www.virginia.org/events/,Virginia is home to countless events and festivals no matter what the season. Mark your calendar and make this a year to remember.
Social Situations,Events and Volunteering,UVA Employee Volunteer Resource Hub,https://hr.virginia.edu/time/volunteer-center,Volunteering can offer a great opportunity to connect with other people across your community. The UVA Employee Volunteer Resource Hub provides a variety of volunteering opportunities within Charlottesville and beyond. 
Social Situations,Safety,myPlan App,https://www.myplanapp.org/,"A free app to help with safety decisions if you, or someone  you care about, is experiencing abuse in their intimate relationship.  It’s private, secure, personalized, & backed by research."
Social Situations,Safety,Virginia Department of Criminal Justice Services,https://www.dcjs.virginia.gov/law-enforcement/programs/criminal-justice-directory,"Find law enforcement agencies by
name, type, or location."
Discrimination/Microaggressions,Community Support,Womens Initiative -- Sister Circle,https://thewomensinitiative.org/sister-circle,"Sister Circle offers a social support group to meet the needs of people from across the African diaspora who identify as women in various ways: one of which being, recognizing the unique mental health challenges and trauma created by anti-Black racism and systemic oppression of BIPOC individuals."
Discrimination/Microaggressions,Self-Care and Wellness Guides,The Women's Initiative   ,https://thewomensinitiative.org,"Provides culturally based trauma supportive services and culturally responsive counseling services, support groups, social support options, outreach and education. Includes FREE WALK-IN CLINICS: Free walk-in wellness sessions for immediate, short-term assistance including eligibility screenings, self- care assessments, information and referral services, education and emotional support.	"
Discrimination/Microaggressions,Self-Care and Wellness Guides,100 Black Men,https://www.100bmocv.org,Working to improve the quality of life within the community and advocate eliminating the achievement gap of African American (AA) male students through mentoring by the members.
Discrimination/Microaggressions,Self-Care and Wellness Guides,Boris Lawrence Henson Foundation,https://www.borislhensonfoundation.org,Free virtual support for Blacks/African-Americans
Discrimination/Microaggressions,Self-Care and Wellness Guides,Central Virginia Clinicians of Color Network,https://cvccn.org/,"Temporary NON-CRISIS emotional support by phone for adult people of color on Wednesdays 5–8pm during COVID-19 outbreak. Call during this time and/or leave your name, phone, and email to receive a call back. If demand exceeds available resources, our team will make every effort to connect you with appropriate care."
Discrimination/Microaggressions,Self-Care and Wellness Guides,Counseling Alliance of VA,https://www.cavahelps.com/,Culturally based trauma supportive services and culturally responsive counseling services
Discrimination/Microaggressions,Self-Care and Wellness Guides,Creciendo Juntos,https://www.cj-network.org/,Resources and supportive services for Latinx individuals and families
Discrimination/Microaggressions,Self-Care and Wellness Guides,National Alliance for Hispanic Health,https://www.healthyamericas.org,Culturally based trauma supportive services and culturally responsive counseling services
Discrimination/Microaggressions,Self-Care and Wellness Guides,National Coalition of Black Women-Charlottesville Metropolitan area,http://www.100bwcville.org,Advocating on behalf of Black women and girls to promote leadership development and gender equity
Discrimination/Microaggressions,Self-Care and Wellness Guides,Therapy for Black Girls,	https://therapyforblackgirls.com/podcast/,	Podcast centered around mental wellness for Black women
Discrimination/Microaggressions,Self-Care and Wellness Guides,VDH Division of Multicultural Health and Community Engagement,https://www.vdh.virginia.gov/health-equity/division-of-multicultural-health-and-community-engagement/,Programs and partnerships to empower racial and ethnic minority communities to promote awareness of health inequities.	
Discrimination/Microaggressions,Self-Care and Wellness Guides,Equality VA,https://equalityvirginia.org,Equality VA
Discrimination/Microaggressions,Self-Care and Wellness Guides,PFLAG Blue Ridge: Charlottesville Anti-Violence Project,https://pflagblueridge.org/charlottesville.html,"Provides information, peer support, education, and advocacy for LGBTQ+ persons, their families, and their friends. Visit their website for contact information, as well as meeting schedules.        "
Discrimination/Microaggressions,Self-Care and Wellness Guides,Planned Parenthood,https://plannedparenthood.org,"Provides family planning, sexual health and sexually transmitted infection services. Offering the morning after pill, abortion services, educational and outreach services in the community. Offers education, resources, services, and referrals for any client identifying as LGBT+. Visit their website to make an appointment.        "
Discrimination/Microaggressions,Self-Care and Wellness Guides,Side by Side,https://www.sidebysideva.org/,Weekly curriculum based support groups for LGBTQ youth ages 14-20. Information and referrals for youth and families; training opportunities available for professionals and community agencies.        
Discrimination/Microaggressions,Self-Care and Wellness Guides,The Women's Initiative   ,https://thewomensinitiative.org,"Provides culturally based trauma supportive services and culturally responsive counseling services, support groups, social support options, outreach and education. Includes FREE WALK-IN CLINICS: Free walk-in wellness sessions for immediate, short-term assistance including eligibility screenings, self- care assessments, information and referral services, education and emotional support.	"
Discrimination/Microaggressions,Self-Care and Wellness Guides,Trans Lifeline,https://translifeline.org,A non-profit hotline staffed by transgender volunteers for people who are experiencing difficulty or crisis.	
Discrimination/Microaggressions,Self-Care and Wellness Guides,Transgender Health Alliance of Central Virginia,https://www.thacva.org,"Provides quality, aiffirming healthcare resources, referral options, and information for all members of the transgender community.        "
Discrimination/Microaggressions,Self-Care and Wellness Guides,VA Anti-Violence Project,https://virginiaavp.org,"Provides advocacy and support services for LGBTQ+-identified survivors of violence, including individual and group support, individual and systems advocacy, and accompaniment; relationship classes, and trainings to professionals/community organizations on LGBTQ+ issues and challenges.	"
Discrimination/Microaggressions,Self-Care and Wellness Guides,UVA Teen & Young Adult Health Center,https://uvahealth.com/services/lgbtq,"Comprehensive healthcare services to teens and young adults up to age 26, including transgender health services, mental health assessment, eating disorder assessment and treatment and mental health assessments. Most insurance accepted and financial assistance is available.	"
Discrimination/Microaggressions,Self-Care and Wellness Guides,Sister Circle Presents...10 Self-Care Tips for Black Women,https://static1.squarespace.com/static/50a50853e4b013b04b89ffc5/t/5ed80f43b6b8fc226c25e275/1591218015612/2020-06+Sister+Circle+Self-Care+Tips.pdf,Looking to engage in some self-care? Here's 10 ways you can!
Discrimination/Microaggressions,Self-Care and Wellness Guides,Tool Kits & Resources from the Black Emotional and Mental Health Collective ,https://www.beam.community/tool-kits-education,Explore different ways that you can care for your emotional and mental health
Discrimination/Microaggressions,Allyship,Talking About Race,https://nmaahc.si.edu/learn/talking-about-race,Conversations about race are important -- here's how you can do them right.
Discrimination/Microaggressions,Allyship,The Guide to Allyship,https://guidetoallyship.com/?fbclid=IwAR1TfKMWgVCGshdjbJaT7z5ZgVPGa76i0mzOmSVmzOgEdosOJ0j4UPFKOcQ,Interetsed in learning what it takes to be an effective ally? Here's a guide. 
Discrimination/Microaggressions,Allyship,How Organizations Can Support the Mental Health of Black Employees,https://hbr.org/2020/06/how-organizations-can-support-the-mental-health-of-black-employees,Here's how you can support the mental health of your colleagues that identify as Black
Discrimination/Microaggressions,Allyship,Workplace Mental Health for Asian American Professionals,https://www.mindsharepartners.org/post/workplace-mental-health-for-asian-american-professionals-featuring-insights-from-employees-at-adobe,Learn about the challenges that people who identify as Asian American face in the workplace -- and how they overcome them 
Discrimination/Microaggressions,Allyship,How to Support Asian American colleagues amid the recent wave of anti-Asian violence ,https://www.cnbc.com/2021/02/19/how-to-support-asian-american-colleagues-amid-anti-asian-violence.html,Here's how you can support your colleagues that identify as Asian American